<?xml version="1.0" encoding="UTF-8" standalone="yes"?>
<SPIS xmlns:xsi="http://www.w3.org/2001/XMLSchema-instance">
	<KSIAZKA>
		<TYTUL>Przygody Hucka</TYTUL>
		<AUTOR>Mark Twain</AUTOR>
		<OPRAWA>okładka papierowa</OPRAWA>
		<STRONY>298</STRONY>
		<CENA>72</CENA>
		<OPIS>Wydanie 12</OPIS>
	</KSIAZKA>
	<KSIAZKA>
		<TYTUL>Źdźbła trawy</TYTUL>
		<AUTOR>Walt Whitman</AUTOR>
		<OPRAWA>twarda oprawa</OPRAWA>
		<STRONY>462</STRONY>
		<CENA>96</CENA>
	</KSIAZKA>
	<KSIAZKA>
		<TYTUL>Legenda o Sennej Dolinie</TYTUL>
		<AUTOR>Washington Irving</AUTOR>
		<OPRAWA>okładka papierowa</OPRAWA>
		<STRONY>98</STRONY>
		<CENA>35</CENA>
	</KSIAZKA>
	<KSIAZKA>
		<TYTUL>Marmurowy faun</TYTUL>
		<AUTOR>Nathaniel Hawthorne</AUTOR>
		<OPRAWA>oprawa tekturowa</OPRAWA>
		<STRONY>473</STRONY>
		<CENA>132</CENA>
	</KSIAZKA>
	<KSIAZKA>
		<TYTUL>Moby Dick</TYTUL>
		<AUTOR>Herman Melville</AUTOR>
		<OPRAWA>twarda oprawa</OPRAWA>
		<STRONY>724</STRONY>
		<CENA>120</CENA>
		<OPIS>z ilstrucjami ER</OPIS>
	</KSIAZKA>
	<KSIAZKA>
		<TYTUL>Portret damy</TYTUL>
		<AUTOR>Henry James</AUTOR>
		<OPRAWA>okładka papierowa</OPRAWA>
		<STRONY>256</STRONY>
		<CENA>60</CENA>
	</KSIAZKA>
	<KSIAZKA>
		<TYTUL>Szkarłatna litera</TYTUL>
		<AUTOR>Nathaniel Hawthorne</AUTOR>
		<OPRAWA>oprawa tekturowa</OPRAWA>
		<STRONY>253</STRONY>
		<CENA>48</CENA>
	</KSIAZKA>
	<KSIAZKA>
		<TYTUL>The Turn of the Screw</TYTUL>
		<AUTOR>Henry James</AUTOR>
		<OPRAWA>oprawa tekturowa</OPRAWA>
		<STRONY>384</STRONY>
		<CENA>42</CENA>
	</KSIAZKA>
	<KSIAZKA>
		<TYTUL>Wiedźmin</TYTUL>
		<AUTOR>Andrzej Sapkowski</AUTOR>
		<OPRAWA>okładka papierowa</OPRAWA>
		<STRONY>312</STRONY>
		<CENA>40</CENA>
		<OPIS>wznowienie 2023</OPIS>
	</KSIAZKA>
</SPIS>